{
    "1_AssetBundle_arts_ui_uniequipimg_pic_hub": {
        "m_Name": "arts/ui/uniequipimg/pic_hub.ab",
        "m_PreloadTable": [
            {
                "m_FileID": 0,
                "m_PathID": 5461515488609553696
            },
            {
                "m_FileID": 0,
                "m_PathID": 8438321295972562361
            }
        ],
        "m_Container": [
            [
                "assets/torappu/dynamicassets/arts/ui/uniequipimg/pic_hub.asset",
                {
                    "preloadIndex": 0,
                    "preloadSize": 2,
                    "asset": {
                        "m_FileID": 0,
                        "m_PathID": 8438321295972562361
                    }
                }
            ]
        ],
        "m_MainAsset": {
            "preloadIndex": 0,
            "preloadSize": 0,
            "asset": {
                "m_FileID": 0,
                "m_PathID": 0
            }
        },
        "m_RuntimeCompatibility": 1,
        "m_AssetBundleName": "arts/ui/uniequipimg/pic_hub.ab",
        "m_Dependencies": [],
        "m_IsStreamedSceneAssetBundle": false,
        "m_ExplicitDataLayout": 0,
        "m_PathFlags": 3,
        "m_SceneHashes": []
    },
    "5461515488609553696_MonoScript_AutoPackSpriteHub": {
        "m_Name": "AutoPackSpriteHub",
        "m_ExecutionOrder": 0,
        "m_PropertiesHash": {
            "bytes[0]": 87,
            "bytes[1]": 6,
            "bytes[2]": 96,
            "bytes[3]": 72,
            "bytes[4]": 38,
            "bytes[5]": 217,
            "bytes[6]": 178,
            "bytes[7]": 145,
            "bytes[8]": 121,
            "bytes[9]": 162,
            "bytes[10]": 162,
            "bytes[11]": 147,
            "bytes[12]": 11,
            "bytes[13]": 196,
            "bytes[14]": 45,
            "bytes[15]": 73
        },
        "m_ClassName": "AutoPackSpriteHub",
        "m_Namespace": "Torappu.UI",
        "m_AssemblyName": "Assembly-CSharp.dll",
        "m_IsEditorScript": false
    },
    "8438321295972562361_MonoBehaviour_pic_hub": {
        "m_GameObject": {
            "m_FileID": 0,
            "m_PathID": 0
        },
        "m_Enabled": 1,
        "m_Script": {
            "m_FileID": 0,
            "m_PathID": 5461515488609553696
        },
        "m_Name": "pic_hub",
        "_rootPackingTag": "UI_EQUIP_BIG_IMG_HUB",
        "_cntPerAtlas": -1,
        "_standardPicSize": {
            "width": 511,
            "height": 511
        },
        "_extraPicSize": [],
        "_compressType": 0,
        "_atlasSize": 1,
        "_meshType": 1,
        "_useCntPerAtlas": 0,
        "_maxFileSize": 1048576,
        "_maxTextureSize": 0,
        "_extraTagRegex": "",
        "_extractTagConfig": {
            "rules": [
                {
                    "regex": "uniequip_00([0-9])_([a-z0-9])",
                    "pattern": "{2}"
                },
                {
                    "regex": "default",
                    "pattern": "z"
                }
            ]
        },
        "_atlasOutputPath": "",
        "_configName": "",
        "_keys": [
            "default",
            "uniequip_002_acdrop",
            "uniequip_002_aglina",
            "uniequip_002_aurora",
            "uniequip_002_bena",
            "uniequip_002_bibeak",
            "uniequip_002_blemsh",
            "uniequip_002_bpipe",
            "uniequip_002_breeze",
            "uniequip_002_ceylon",
            "uniequip_002_cgbird",
            "uniequip_002_chen",
            "uniequip_002_cqbw",
            "uniequip_002_cutter",
            "uniequip_002_cuttle",
            "uniequip_002_deepcl",
            "uniequip_002_demkni",
            "uniequip_002_doberm",
            "uniequip_002_dusk",
            "uniequip_002_ebnhlz",
            "uniequip_002_fartth",
            "uniequip_002_finlpp",
            "uniequip_002_flameb",
            "uniequip_002_flower",
            "uniequip_002_fmout",
            "uniequip_002_folivo",
            "uniequip_002_franka",
            "uniequip_002_ghost2",
            "uniequip_002_glacus",
            "uniequip_002_glassb",
            "uniequip_002_glaze",
            "uniequip_002_grani",
            "uniequip_002_gravel",
            "uniequip_002_greyy",
            "uniequip_002_gyuki",
            "uniequip_002_hmau",
            "uniequip_002_indigo",
            "uniequip_002_irene",
            "uniequip_002_iris",
            "uniequip_002_kafka",
            "uniequip_002_kazema",
            "uniequip_002_lava2",
            "uniequip_002_leizi",
            "uniequip_002_ling",
            "uniequip_002_lionhd",
            "uniequip_002_lisa",
            "uniequip_002_lmlee",
            "uniequip_002_lumen",
            "uniequip_002_meteo",
            "uniequip_002_mgllan",
            "uniequip_002_milu",
            "uniequip_002_mostma",
            "uniequip_002_nearl",
            "uniequip_002_nearl2",
            "uniequip_002_nothin",
            "uniequip_002_otter",
            "uniequip_002_pallas",
            "uniequip_002_pasngr",
            "uniequip_002_peacok",
            "uniequip_002_phatom",
            "uniequip_002_phenxi",
            "uniequip_002_plosis",
            "uniequip_002_podego",
            "uniequip_002_prove",
            "uniequip_002_pudd",
            "uniequip_002_red",
            "uniequip_002_sddrag",
            "uniequip_002_sesa",
            "uniequip_002_shwaz",
            "uniequip_002_skadi",
            "uniequip_002_skfire",
            "uniequip_002_skgoat",
            "uniequip_002_sophia",
            "uniequip_002_strong",
            "uniequip_002_sunbr",
            "uniequip_002_swire",
            "uniequip_002_tachak",
            "uniequip_002_vigna",
            "uniequip_002_waaifu",
            "uniequip_002_whispr",
            "uniequip_002_wildmn",
            "uniequip_002_yuki",
            "uniequip_002_zumama",
            "uniequip_003_pasngr",
            "uniequip_003_skadi"
        ],
        "_values": [
            "Arts/UI/UniEquipImg/default",
            "Arts/UI/UniEquipImg/uniequip_002_acdrop",
            "Arts/UI/UniEquipImg/uniequip_002_aglina",
            "Arts/UI/UniEquipImg/uniequip_002_aurora",
            "Arts/UI/UniEquipImg/uniequip_002_bena",
            "Arts/UI/UniEquipImg/uniequip_002_bibeak",
            "Arts/UI/UniEquipImg/uniequip_002_blemsh",
            "Arts/UI/UniEquipImg/uniequip_002_bpipe",
            "Arts/UI/UniEquipImg/uniequip_002_breeze",
            "Arts/UI/UniEquipImg/uniequip_002_ceylon",
            "Arts/UI/UniEquipImg/uniequip_002_cgbird",
            "Arts/UI/UniEquipImg/uniequip_002_chen",
            "Arts/UI/UniEquipImg/uniequip_002_cqbw",
            "Arts/UI/UniEquipImg/uniequip_002_cutter",
            "Arts/UI/UniEquipImg/uniequip_002_cuttle",
            "Arts/UI/UniEquipImg/uniequip_002_deepcl",
            "Arts/UI/UniEquipImg/uniequip_002_demkni",
            "Arts/UI/UniEquipImg/uniequip_002_doberm",
            "Arts/UI/UniEquipImg/uniequip_002_dusk",
            "Arts/UI/UniEquipImg/uniequip_002_ebnhlz",
            "Arts/UI/UniEquipImg/uniequip_002_fartth",
            "Arts/UI/UniEquipImg/uniequip_002_finlpp",
            "Arts/UI/UniEquipImg/uniequip_002_flameb",
            "Arts/UI/UniEquipImg/uniequip_002_flower",
            "Arts/UI/UniEquipImg/uniequip_002_fmout",
            "Arts/UI/UniEquipImg/uniequip_002_folivo",
            "Arts/UI/UniEquipImg/uniequip_002_franka",
            "Arts/UI/UniEquipImg/uniequip_002_ghost2",
            "Arts/UI/UniEquipImg/uniequip_002_glacus",
            "Arts/UI/UniEquipImg/uniequip_002_glassb",
            "Arts/UI/UniEquipImg/uniequip_002_glaze",
            "Arts/UI/UniEquipImg/uniequip_002_grani",
            "Arts/UI/UniEquipImg/uniequip_002_gravel",
            "Arts/UI/UniEquipImg/uniequip_002_greyy",
            "Arts/UI/UniEquipImg/uniequip_002_gyuki",
            "Arts/UI/UniEquipImg/uniequip_002_hmau",
            "Arts/UI/UniEquipImg/uniequip_002_indigo",
            "Arts/UI/UniEquipImg/uniequip_002_irene",
            "Arts/UI/UniEquipImg/uniequip_002_iris",
            "Arts/UI/UniEquipImg/uniequip_002_kafka",
            "Arts/UI/UniEquipImg/uniequip_002_kazema",
            "Arts/UI/UniEquipImg/uniequip_002_lava2",
            "Arts/UI/UniEquipImg/uniequip_002_leizi",
            "Arts/UI/UniEquipImg/uniequip_002_ling",
            "Arts/UI/UniEquipImg/uniequip_002_lionhd",
            "Arts/UI/UniEquipImg/uniequip_002_lisa",
            "Arts/UI/UniEquipImg/uniequip_002_lmlee",
            "Arts/UI/UniEquipImg/uniequip_002_lumen",
            "Arts/UI/UniEquipImg/uniequip_002_meteo",
            "Arts/UI/UniEquipImg/uniequip_002_mgllan",
            "Arts/UI/UniEquipImg/uniequip_002_milu",
            "Arts/UI/UniEquipImg/uniequip_002_mostma",
            "Arts/UI/UniEquipImg/uniequip_002_nearl",
            "Arts/UI/UniEquipImg/uniequip_002_nearl2",
            "Arts/UI/UniEquipImg/uniequip_002_nothin",
            "Arts/UI/UniEquipImg/uniequip_002_otter",
            "Arts/UI/UniEquipImg/uniequip_002_pallas",
            "Arts/UI/UniEquipImg/uniequip_002_pasngr",
            "Arts/UI/UniEquipImg/uniequip_002_peacok",
            "Arts/UI/UniEquipImg/uniequip_002_phatom",
            "Arts/UI/UniEquipImg/uniequip_002_phenxi",
            "Arts/UI/UniEquipImg/uniequip_002_plosis",
            "Arts/UI/UniEquipImg/uniequip_002_podego",
            "Arts/UI/UniEquipImg/uniequip_002_prove",
            "Arts/UI/UniEquipImg/uniequip_002_pudd",
            "Arts/UI/UniEquipImg/uniequip_002_red",
            "Arts/UI/UniEquipImg/uniequip_002_sddrag",
            "Arts/UI/UniEquipImg/uniequip_002_sesa",
            "Arts/UI/UniEquipImg/uniequip_002_shwaz",
            "Arts/UI/UniEquipImg/uniequip_002_skadi",
            "Arts/UI/UniEquipImg/uniequip_002_skfire",
            "Arts/UI/UniEquipImg/uniequip_002_skgoat",
            "Arts/UI/UniEquipImg/uniequip_002_sophia",
            "Arts/UI/UniEquipImg/uniequip_002_strong",
            "Arts/UI/UniEquipImg/uniequip_002_sunbr",
            "Arts/UI/UniEquipImg/uniequip_002_swire",
            "Arts/UI/UniEquipImg/uniequip_002_tachak",
            "Arts/UI/UniEquipImg/uniequip_002_vigna",
            "Arts/UI/UniEquipImg/uniequip_002_waaifu",
            "Arts/UI/UniEquipImg/uniequip_002_whispr",
            "Arts/UI/UniEquipImg/uniequip_002_wildmn",
            "Arts/UI/UniEquipImg/uniequip_002_yuki",
            "Arts/UI/UniEquipImg/uniequip_002_zumama",
            "Arts/UI/UniEquipImg/uniequip_003_pasngr",
            "Arts/UI/UniEquipImg/uniequip_003_skadi"
        ]
    },
    "pic_hub": {
        "m_GameObject": {
            "m_FileID": 0,
            "m_PathID": 0
        },
        "m_Enabled": 1,
        "m_Script": {
            "m_FileID": 0,
            "m_PathID": 5461515488609553696
        },
        "m_Name": "pic_hub",
        "_rootPackingTag": "UI_EQUIP_BIG_IMG_HUB",
        "_cntPerAtlas": -1,
        "_standardPicSize": {
            "width": 511,
            "height": 511
        },
        "_extraPicSize": [],
        "_compressType": 0,
        "_atlasSize": 1,
        "_meshType": 1,
        "_useCntPerAtlas": 0,
        "_maxFileSize": 1048576,
        "_maxTextureSize": 0,
        "_extraTagRegex": "",
        "_extractTagConfig": {
            "rules": [
                {
                    "regex": "uniequip_00([0-9])_([a-z0-9])",
                    "pattern": "{2}"
                },
                {
                    "regex": "default",
                    "pattern": "z"
                }
            ]
        },
        "_atlasOutputPath": "",
        "_configName": "",
        "_keys": [
            "default",
            "uniequip_002_acdrop",
            "uniequip_002_aglina",
            "uniequip_002_aurora",
            "uniequip_002_bena",
            "uniequip_002_bibeak",
            "uniequip_002_blemsh",
            "uniequip_002_bpipe",
            "uniequip_002_breeze",
            "uniequip_002_ceylon",
            "uniequip_002_cgbird",
            "uniequip_002_chen",
            "uniequip_002_cqbw",
            "uniequip_002_cutter",
            "uniequip_002_cuttle",
            "uniequip_002_deepcl",
            "uniequip_002_demkni",
            "uniequip_002_doberm",
            "uniequip_002_dusk",
            "uniequip_002_ebnhlz",
            "uniequip_002_fartth",
            "uniequip_002_finlpp",
            "uniequip_002_flameb",
            "uniequip_002_flower",
            "uniequip_002_fmout",
            "uniequip_002_folivo",
            "uniequip_002_franka",
            "uniequip_002_ghost2",
            "uniequip_002_glacus",
            "uniequip_002_glassb",
            "uniequip_002_glaze",
            "uniequip_002_grani",
            "uniequip_002_gravel",
            "uniequip_002_greyy",
            "uniequip_002_gyuki",
            "uniequip_002_hmau",
            "uniequip_002_indigo",
            "uniequip_002_irene",
            "uniequip_002_iris",
            "uniequip_002_kafka",
            "uniequip_002_kazema",
            "uniequip_002_lava2",
            "uniequip_002_leizi",
            "uniequip_002_ling",
            "uniequip_002_lionhd",
            "uniequip_002_lisa",
            "uniequip_002_lmlee",
            "uniequip_002_lumen",
            "uniequip_002_meteo",
            "uniequip_002_mgllan",
            "uniequip_002_milu",
            "uniequip_002_mostma",
            "uniequip_002_nearl",
            "uniequip_002_nearl2",
            "uniequip_002_nothin",
            "uniequip_002_otter",
            "uniequip_002_pallas",
            "uniequip_002_pasngr",
            "uniequip_002_peacok",
            "uniequip_002_phatom",
            "uniequip_002_phenxi",
            "uniequip_002_plosis",
            "uniequip_002_podego",
            "uniequip_002_prove",
            "uniequip_002_pudd",
            "uniequip_002_red",
            "uniequip_002_sddrag",
            "uniequip_002_sesa",
            "uniequip_002_shwaz",
            "uniequip_002_skadi",
            "uniequip_002_skfire",
            "uniequip_002_skgoat",
            "uniequip_002_sophia",
            "uniequip_002_strong",
            "uniequip_002_sunbr",
            "uniequip_002_swire",
            "uniequip_002_tachak",
            "uniequip_002_vigna",
            "uniequip_002_waaifu",
            "uniequip_002_whispr",
            "uniequip_002_wildmn",
            "uniequip_002_yuki",
            "uniequip_002_zumama",
            "uniequip_003_pasngr",
            "uniequip_003_skadi"
        ],
        "_values": [
            "Arts/UI/UniEquipImg/default",
            "Arts/UI/UniEquipImg/uniequip_002_acdrop",
            "Arts/UI/UniEquipImg/uniequip_002_aglina",
            "Arts/UI/UniEquipImg/uniequip_002_aurora",
            "Arts/UI/UniEquipImg/uniequip_002_bena",
            "Arts/UI/UniEquipImg/uniequip_002_bibeak",
            "Arts/UI/UniEquipImg/uniequip_002_blemsh",
            "Arts/UI/UniEquipImg/uniequip_002_bpipe",
            "Arts/UI/UniEquipImg/uniequip_002_breeze",
            "Arts/UI/UniEquipImg/uniequip_002_ceylon",
            "Arts/UI/UniEquipImg/uniequip_002_cgbird",
            "Arts/UI/UniEquipImg/uniequip_002_chen",
            "Arts/UI/UniEquipImg/uniequip_002_cqbw",
            "Arts/UI/UniEquipImg/uniequip_002_cutter",
            "Arts/UI/UniEquipImg/uniequip_002_cuttle",
            "Arts/UI/UniEquipImg/uniequip_002_deepcl",
            "Arts/UI/UniEquipImg/uniequip_002_demkni",
            "Arts/UI/UniEquipImg/uniequip_002_doberm",
            "Arts/UI/UniEquipImg/uniequip_002_dusk",
            "Arts/UI/UniEquipImg/uniequip_002_ebnhlz",
            "Arts/UI/UniEquipImg/uniequip_002_fartth",
            "Arts/UI/UniEquipImg/uniequip_002_finlpp",
            "Arts/UI/UniEquipImg/uniequip_002_flameb",
            "Arts/UI/UniEquipImg/uniequip_002_flower",
            "Arts/UI/UniEquipImg/uniequip_002_fmout",
            "Arts/UI/UniEquipImg/uniequip_002_folivo",
            "Arts/UI/UniEquipImg/uniequip_002_franka",
            "Arts/UI/UniEquipImg/uniequip_002_ghost2",
            "Arts/UI/UniEquipImg/uniequip_002_glacus",
            "Arts/UI/UniEquipImg/uniequip_002_glassb",
            "Arts/UI/UniEquipImg/uniequip_002_glaze",
            "Arts/UI/UniEquipImg/uniequip_002_grani",
            "Arts/UI/UniEquipImg/uniequip_002_gravel",
            "Arts/UI/UniEquipImg/uniequip_002_greyy",
            "Arts/UI/UniEquipImg/uniequip_002_gyuki",
            "Arts/UI/UniEquipImg/uniequip_002_hmau",
            "Arts/UI/UniEquipImg/uniequip_002_indigo",
            "Arts/UI/UniEquipImg/uniequip_002_irene",
            "Arts/UI/UniEquipImg/uniequip_002_iris",
            "Arts/UI/UniEquipImg/uniequip_002_kafka",
            "Arts/UI/UniEquipImg/uniequip_002_kazema",
            "Arts/UI/UniEquipImg/uniequip_002_lava2",
            "Arts/UI/UniEquipImg/uniequip_002_leizi",
            "Arts/UI/UniEquipImg/uniequip_002_ling",
            "Arts/UI/UniEquipImg/uniequip_002_lionhd",
            "Arts/UI/UniEquipImg/uniequip_002_lisa",
            "Arts/UI/UniEquipImg/uniequip_002_lmlee",
            "Arts/UI/UniEquipImg/uniequip_002_lumen",
            "Arts/UI/UniEquipImg/uniequip_002_meteo",
            "Arts/UI/UniEquipImg/uniequip_002_mgllan",
            "Arts/UI/UniEquipImg/uniequip_002_milu",
            "Arts/UI/UniEquipImg/uniequip_002_mostma",
            "Arts/UI/UniEquipImg/uniequip_002_nearl",
            "Arts/UI/UniEquipImg/uniequip_002_nearl2",
            "Arts/UI/UniEquipImg/uniequip_002_nothin",
            "Arts/UI/UniEquipImg/uniequip_002_otter",
            "Arts/UI/UniEquipImg/uniequip_002_pallas",
            "Arts/UI/UniEquipImg/uniequip_002_pasngr",
            "Arts/UI/UniEquipImg/uniequip_002_peacok",
            "Arts/UI/UniEquipImg/uniequip_002_phatom",
            "Arts/UI/UniEquipImg/uniequip_002_phenxi",
            "Arts/UI/UniEquipImg/uniequip_002_plosis",
            "Arts/UI/UniEquipImg/uniequip_002_podego",
            "Arts/UI/UniEquipImg/uniequip_002_prove",
            "Arts/UI/UniEquipImg/uniequip_002_pudd",
            "Arts/UI/UniEquipImg/uniequip_002_red",
            "Arts/UI/UniEquipImg/uniequip_002_sddrag",
            "Arts/UI/UniEquipImg/uniequip_002_sesa",
            "Arts/UI/UniEquipImg/uniequip_002_shwaz",
            "Arts/UI/UniEquipImg/uniequip_002_skadi",
            "Arts/UI/UniEquipImg/uniequip_002_skfire",
            "Arts/UI/UniEquipImg/uniequip_002_skgoat",
            "Arts/UI/UniEquipImg/uniequip_002_sophia",
            "Arts/UI/UniEquipImg/uniequip_002_strong",
            "Arts/UI/UniEquipImg/uniequip_002_sunbr",
            "Arts/UI/UniEquipImg/uniequip_002_swire",
            "Arts/UI/UniEquipImg/uniequip_002_tachak",
            "Arts/UI/UniEquipImg/uniequip_002_vigna",
            "Arts/UI/UniEquipImg/uniequip_002_waaifu",
            "Arts/UI/UniEquipImg/uniequip_002_whispr",
            "Arts/UI/UniEquipImg/uniequip_002_wildmn",
            "Arts/UI/UniEquipImg/uniequip_002_yuki",
            "Arts/UI/UniEquipImg/uniequip_002_zumama",
            "Arts/UI/UniEquipImg/uniequip_003_pasngr",
            "Arts/UI/UniEquipImg/uniequip_003_skadi"
        ]
    }
}